{"stats":{"minecraft:dropped":{"minecraft:golden_axe":2,"minecraft:cobblestone":7,"minecraft:dirt":22,"minecraft:gray_wool":1,"minecraft:golden_shovel":1,"minecraft:mutton":4,"minecraft:white_wool":2,"minecraft:birch_log":10},"minecraft:mined":{"minecraft:grass":1,"minecraft:grass_block":21,"minecraft:dirt":3,"minecraft:birch_log":9,"minecraft:birch_leaves":2,"minecraft:stone":11},"minecraft:custom":{"minecraft:time_since_rest":9017,"minecraft:play_time":9017,"minecraft:crouch_one_cm":509,"minecraft:sprint_one_cm":16185,"minecraft:damage_taken":100,"minecraft:walk_one_cm":11700,"minecraft:sneak_time":174,"minecraft:mob_kills":4,"minecraft:drop":14,"minecraft:jump":109,"minecraft:leave_game":1,"minecraft:damage_dealt":320,"minecraft:time_since_death":9017,"minecraft:total_world_time":9017,"minecraft:fall_one_cm":4827,"minecraft:fly_one_cm":57607},"minecraft:picked_up":{"minecraft:birch_log":10,"minecraft:golden_axe":1,"minecraft:gray_wool":1,"minecraft:mutton":4,"minecraft:white_wool":2,"minecraft:dirt":24,"minecraft:cobblestone":11},"minecraft:used":{"minecraft:diamond_pickaxe":14,"minecraft:dirt":2,"minecraft:cobblestone":4,"minecraft:golden_shovel":21,"minecraft:golden_axe":8,"minecraft:diamond_axe":8},"minecraft:killed":{"minecraft:sheep":4}},"DataVersion":3120}